,Kraj,Sprzedawca,Data zamowienia,idZamowienia,Utarg
0,Polska,Kowalski,16.07.2003,10248,440.0
1,Polska,Sowiński,10.07.2003,10249,1863.4
2,Niemcy,Peacock,12.07.2003,10250,1552.6
3,Niemcy,Leverling,15.07.2003,10251,654.06
4,Niemcy,Peacock,11.07.2003,10252,3597.9
5,Niemcy,Leverling,16.07.2003,10253,1444.8
6,Polska,Kowalski,23.07.2003,10254,556.62
7,Polska,Dudek,15.07.2003,10255,2490.5
8,Niemcy,Leverling,17.07.2003,10256,517.8
9,Niemcy,Peacock,22.07.2003,10257,1119.9
10,Niemcy,Davolio,23.07.2003,10258,1614.88
11,Niemcy,Peacock,25.07.2003,10259,100.8
12,Niemcy,Peacock,29.07.2003,10260,1504.65
13,Niemcy,Peacock,30.07.2003,10261,448.0
14,Niemcy,Callahan,25.07.2003,10262,584.0
16,Polska,Sowiński,23.08.2003,10264,695.62
17,Niemcy,Fuller,12.08.2003,10265,1176.0
19,Niemcy,Peacock,06.08.2003,10267,3536.6
20,Niemcy,Callahan,02.08.2003,10268,1101.2
21,Polska,Kowalski,09.08.2003,10269,642.2
22,Niemcy,Davolio,02.08.2003,10270,1376.0
23,Polska,Sowiński,30.08.2003,10271,48.0
24,Polska,Sowiński,06.08.2003,10272,1456.0
25,Niemcy,Leverling,12.08.2003,10273,2037.28
26,Polska,Sowiński,16.08.2003,10274,538.6
27,Niemcy,Davolio,09.08.2003,10275,291.84
28,Niemcy,Callahan,14.08.2003,10276,420.0
29,Niemcy,Fuller,13.08.2003,10277,1200.8
30,Niemcy,Callahan,16.08.2003,10278,1488.8
31,Niemcy,Callahan,16.08.2003,10279,351.0
32,Niemcy,Fuller,12.09.2003,10280,613.2
33,Niemcy,Peacock,21.08.2003,10281,86.5
34,Niemcy,Peacock,21.08.2003,10282,155.4
35,Niemcy,Leverling,23.08.2003,10283,1414.8
36,Niemcy,Peacock,27.08.2003,10284,1170.37
37,Niemcy,Davolio,26.08.2003,10285,1743.36
38,Niemcy,Callahan,30.08.2003,10286,3016.0
39,Niemcy,Callahan,28.08.2003,10287,819.0
40,Niemcy,Peacock,03.09.2003,10288,80.1
41,Polska,King,28.08.2003,10289,479.4
42,Niemcy,Callahan,03.09.2003,10290,2169.0
43,Polska,Sowiński,04.09.2003,10291,497.52
44,Niemcy,Davolio,02.09.2003,10292,1296.0
45,Niemcy,Davolio,11.09.2003,10293,848.7
46,Niemcy,Peacock,05.09.2003,10294,1887.6
47,Niemcy,Fuller,10.09.2003,10295,121.6
48,Polska,Sowiński,11.09.2003,10296,1050.6
49,Polska,Kowalski,10.09.2003,10297,1420.0
50,Polska,Sowiński,11.09.2003,10298,2645.0
51,Niemcy,Peacock,13.09.2003,10299,349.5
52,Niemcy,Fuller,18.09.2003,10300,608.0
53,Niemcy,Callahan,17.09.2003,10301,755.0
54,Niemcy,Peacock,09.10.2003,10302,2708.8
55,Polska,King,18.09.2003,10303,1117.8
56,Niemcy,Davolio,17.09.2003,10304,954.4
57,Niemcy,Callahan,09.10.2003,10305,3741.3
58,Niemcy,Davolio,23.09.2003,10306,498.5
59,Niemcy,Fuller,25.09.2003,10307,424.0
60,Polska,King,24.09.2003,10308,88.8
61,Niemcy,Leverling,23.10.2003,10309,1762.0
62,Niemcy,Callahan,27.09.2003,10310,336.0
63,Niemcy,Davolio,26.09.2003,10311,268.8
64,Niemcy,Fuller,03.10.2003,10312,1614.8
65,Niemcy,Fuller,04.10.2003,10313,182.4
66,Niemcy,Davolio,04.10.2003,10314,2094.3
67,Niemcy,Peacock,03.10.2003,10315,516.8
68,Niemcy,Davolio,08.10.2003,10316,2835.0
69,Polska,Sowiński,10.10.2003,10317,288.0
70,Niemcy,Callahan,04.10.2003,10318,240.4
71,Polska,King,11.10.2003,10319,1191.2
72,Polska,Kowalski,18.10.2003,10320,516.0
73,Niemcy,Leverling,11.10.2003,10321,144.0
74,Polska,King,23.10.2003,10322,112.0
75,Niemcy,Peacock,14.10.2003,10323,164.4
76,Polska,Dudek,10.10.2003,10324,5275.71
77,Niemcy,Davolio,14.10.2003,10325,1497.0
78,Niemcy,Peacock,14.10.2003,10326,982.0
79,Niemcy,Fuller,14.10.2003,10327,1810.0
80,Niemcy,Peacock,17.10.2003,10328,1168.0
81,Niemcy,Peacock,23.10.2003,10329,4578.43
82,Niemcy,Leverling,28.10.2003,10330,1649.0
83,Polska,Dudek,21.10.2003,10331,88.5
84,Niemcy,Leverling,21.10.2003,10332,1786.88
85,Polska,Kowalski,25.10.2003,10333,877.2
86,Niemcy,Callahan,28.10.2003,10334,144.8
87,Polska,King,24.10.2003,10335,2036.16
88,Polska,King,25.10.2003,10336,285.12
89,Niemcy,Peacock,29.10.2003,10337,2467.0
90,Niemcy,Peacock,29.10.2003,10338,934.5
91,Niemcy,Fuller,04.11.2003,10339,3354.0
92,Niemcy,Davolio,08.11.2003,10340,2436.18
93,Polska,King,05.11.2003,10341,352.6
94,Niemcy,Peacock,04.11.2003,10342,1840.64
95,Niemcy,Peacock,06.11.2003,10343,1584.0
96,Niemcy,Peacock,05.11.2003,10344,2296.0
97,Niemcy,Fuller,11.11.2003,10345,2924.8
98,Niemcy,Leverling,08.11.2003,10346,1618.88
99,Niemcy,Peacock,08.11.2003,10347,814.42
100,Niemcy,Peacock,15.11.2003,10348,363.6
101,Polska,King,15.11.2003,10349,141.6
102,Polska,Sowiński,03.12.2003,10350,642.06
103,Niemcy,Davolio,20.11.2003,10351,5398.72
104,Niemcy,Leverling,18.11.2003,10352,136.3
105,Polska,King,25.11.2003,10353,8593.28
106,Niemcy,Callahan,20.11.2003,10354,568.8
107,Polska,Sowiński,20.11.2003,10355,480.0
108,Polska,Sowiński,27.11.2003,10356,1106.4
109,Niemcy,Davolio,02.12.2003,10357,1167.68
110,Polska,Kowalski,27.11.2003,10358,429.4
111,Polska,Kowalski,26.11.2003,10359,3471.68
112,Niemcy,Peacock,02.12.2003,10360,7390.2
113,Niemcy,Davolio,03.12.2003,10361,2046.24
114,Niemcy,Leverling,28.11.2003,10362,1549.6
115,Niemcy,Peacock,04.12.2003,10363,447.2
116,Niemcy,Davolio,04.12.2003,10364,950.0
117,Niemcy,Leverling,02.12.2003,10365,403.2
118,Niemcy,Callahan,30.12.2003,10366,136.0
119,Polska,King,02.12.2003,10367,834.2
120,Niemcy,Fuller,02.12.2003,10368,1689.78
121,Niemcy,Callahan,09.12.2003,10369,2390.4
122,Polska,Sowiński,27.12.2003,10370,1117.6
123,Niemcy,Davolio,24.12.2003,10371,72.96
124,Polska,Kowalski,09.12.2003,10372,9210.9
125,Niemcy,Peacock,11.12.2003,10373,1366.4
126,Niemcy,Davolio,09.12.2003,10374,459.0
127,Niemcy,Leverling,09.12.2003,10375,338.0
128,Niemcy,Davolio,13.12.2003,10376,399.0
129,Niemcy,Davolio,13.12.2003,10377,863.6
130,Polska,Kowalski,19.12.2003,10378,103.2
131,Niemcy,Fuller,13.12.2003,10379,863.28
132,Niemcy,Callahan,16.01.2004,10380,1313.82
133,Niemcy,Leverling,13.12.2003,10381,112.0
134,Niemcy,Peacock,16.12.2003,10382,2900.0
135,Niemcy,Callahan,18.12.2003,10383,899.0
136,Niemcy,Leverling,20.12.2003,10384,2222.4
137,Niemcy,Davolio,23.12.2003,10385,691.2
138,Polska,Dudek,25.12.2003,10386,166.0
139,Niemcy,Davolio,20.12.2003,10387,1058.4
140,Niemcy,Fuller,20.12.2003,10388,1228.8
141,Niemcy,Peacock,24.12.2003,10389,1832.8
142,Polska,Sowiński,26.12.2003,10390,2090.88
144,Niemcy,Fuller,01.01.2004,10392,1440.0
145,Niemcy,Davolio,03.01.2004,10393,2556.95
146,Niemcy,Davolio,03.01.2004,10394,442.0
147,Polska,Sowiński,03.01.2004,10395,2122.92
148,Niemcy,Davolio,06.01.2004,10396,1903.8
149,Polska,Kowalski,02.01.2004,10397,716.72
150,Niemcy,Fuller,09.01.2004,10398,2505.6
151,Niemcy,Callahan,08.01.2004,10399,1765.6
152,Niemcy,Davolio,16.01.2004,10400,3063.0
153,Niemcy,Davolio,10.01.2004,10401,3868.6
154,Niemcy,Callahan,10.01.2004,10402,2713.5
155,Niemcy,Peacock,09.01.2004,10403,855.01
156,Niemcy,Fuller,08.01.2004,10404,1591.25
157,Niemcy,Davolio,22.01.2004,10405,400.0
158,Polska,King,13.01.2004,10406,1830.78
159,Niemcy,Fuller,30.01.2004,10407,1194.0
160,Niemcy,Callahan,14.01.2004,10408,1622.4
161,Niemcy,Leverling,14.01.2004,10409,319.2
162,Niemcy,Leverling,15.01.2004,10410,802.0
163,Polska,Dudek,21.01.2004,10411,966.8
164,Niemcy,Callahan,15.01.2004,10412,334.8
165,Niemcy,Leverling,16.01.2004,10413,2123.2
166,Niemcy,Fuller,17.01.2004,10414,224.83
167,Niemcy,Leverling,24.01.2004,10415,102.4
168,Niemcy,Callahan,27.01.2004,10416,720.0
169,Niemcy,Peacock,28.01.2004,10417,11188.4
170,Niemcy,Peacock,24.01.2004,10418,1814.8
171,Niemcy,Peacock,30.01.2004,10419,2097.6
172,Niemcy,Leverling,27.01.2004,10420,1707.84
173,Niemcy,Callahan,27.01.2004,10421,1194.27
175,Polska,Sowiński,24.02.2004,10423,1020.0
176,Polska,King,27.01.2004,10424,9194.56
177,Polska,Sowiński,14.02.2004,10425,360.0
178,Niemcy,Peacock,06.02.2004,10426,338.2
179,Niemcy,Peacock,03.03.2004,10427,651.0
180,Polska,King,04.02.2004,10428,192.0
181,Niemcy,Leverling,07.02.2004,10429,1441.37
182,Niemcy,Peacock,03.02.2004,10430,4899.2
183,Niemcy,Peacock,07.02.2004,10431,1892.25
184,Niemcy,Leverling,07.02.2004,10432,485.0
185,Niemcy,Leverling,04.03.2004,10433,851.2
186,Niemcy,Leverling,13.02.2004,10434,321.12
187,Niemcy,Callahan,07.02.2004,10435,631.6
188,Niemcy,Leverling,11.02.2004,10436,1994.52
189,Niemcy,Callahan,12.02.2004,10437,393.0
190,Niemcy,Leverling,14.02.2004,10438,454.0
191,Polska,Sowiński,10.02.2004,10439,1078.0
192,Niemcy,Peacock,28.02.2004,10440,4924.13
193,Niemcy,Leverling,14.03.2004,10441,1755.0
194,Niemcy,Leverling,18.02.2004,10442,1792.0
195,Niemcy,Callahan,14.02.2004,10443,517.44
196,Niemcy,Leverling,21.02.2004,10444,1031.7
197,Niemcy,Leverling,20.02.2004,10445,174.9
198,Polska,Sowiński,19.02.2004,10446,246.24
199,Niemcy,Peacock,07.03.2004,10447,914.4
200,Niemcy,Peacock,24.02.2004,10448,443.4
201,Niemcy,Leverling,27.02.2004,10449,1838.2
202,Niemcy,Callahan,11.03.2004,10450,425.12
203,Niemcy,Peacock,12.03.2004,10451,3849.66
204,Niemcy,Callahan,26.02.2004,10452,2018.5
205,Niemcy,Davolio,26.02.2004,10453,407.7
206,Niemcy,Peacock,25.02.2004,10454,331.2
207,Niemcy,Callahan,03.03.2004,10455,2684.0
208,Niemcy,Callahan,28.02.2004,10456,557.6
209,Niemcy,Fuller,03.03.2004,10457,1584.0
210,Polska,King,04.03.2004,10458,3891.0
211,Niemcy,Peacock,28.02.2004,10459,1659.2
212,Niemcy,Callahan,03.03.2004,10460,176.1
213,Niemcy,Davolio,05.03.2004,10461,1538.7
214,Niemcy,Fuller,18.03.2004,10462,156.0
215,Polska,Kowalski,06.03.2004,10463,713.3
216,Niemcy,Peacock,14.03.2004,10464,1609.28
217,Niemcy,Davolio,14.03.2004,10465,2518.0
218,Niemcy,Peacock,13.03.2004,10466,216.0
219,Niemcy,Callahan,11.03.2004,10467,235.2
220,Niemcy,Leverling,12.03.2004,10468,717.6
221,Niemcy,Davolio,14.03.2004,10469,956.67
222,Niemcy,Peacock,14.03.2004,10470,1820.8
223,Niemcy,Fuller,18.03.2004,10471,1328.0
224,Niemcy,Callahan,19.03.2004,10472,1036.8
225,Niemcy,Davolio,21.03.2004,10473,230.4
226,Polska,Kowalski,21.03.2004,10474,1249.1
227,Polska,Dudek,04.04.2004,10475,1505.18
228,Niemcy,Callahan,24.03.2004,10476,180.48
229,Polska,Kowalski,25.03.2004,10477,558.0
230,Niemcy,Fuller,26.03.2004,10478,471.2
231,Niemcy,Leverling,21.03.2004,10479,10495.6
232,Polska,Sowiński,24.03.2004,10480,756.0
233,Niemcy,Callahan,25.03.2004,10481,1472.0
234,Niemcy,Davolio,10.04.2004,10482,147.0
235,Polska,King,25.04.2004,10483,668.8
236,Niemcy,Leverling,01.04.2004,10484,386.2
238,Niemcy,Davolio,02.04.2004,10486,1272.0
239,Niemcy,Fuller,28.03.2004,10487,889.7
240,Niemcy,Callahan,02.04.2004,10488,1512.0
241,Polska,Sowiński,09.04.2004,10489,439.2
242,Polska,King,03.04.2004,10490,3163.2
243,Niemcy,Callahan,08.04.2004,10491,259.5
244,Niemcy,Leverling,11.04.2004,10492,851.2
245,Niemcy,Peacock,10.04.2004,10493,608.4
246,Niemcy,Peacock,09.04.2004,10494,912.0
247,Niemcy,Leverling,11.04.2004,10495,278.0
248,Polska,King,07.04.2004,10496,190.0
249,Polska,King,07.04.2004,10497,1380.6
250,Niemcy,Callahan,11.04.2004,10498,575.0
251,Niemcy,Peacock,16.04.2004,10499,1412.0
252,Polska,Sowiński,17.04.2004,10500,523.26
253,Polska,Dudek,16.04.2004,10501,149.0
254,Niemcy,Fuller,29.04.2004,10502,816.3
255,Polska,Sowiński,16.04.2004,10503,2048.5
256,Niemcy,Peacock,18.04.2004,10504,1388.5
257,Niemcy,Leverling,21.04.2004,10505,147.9
258,Polska,Dudek,02.05.2004,10506,415.8
259,Polska,King,22.04.2004,10507,749.06
260,Niemcy,Davolio,13.05.2004,10508,240.0
261,Niemcy,Peacock,29.04.2004,10509,136.8
262,Polska,Sowiński,28.04.2004,10510,4707.54
263,Niemcy,Peacock,21.04.2004,10511,2550.0
264,Polska,King,24.04.2004,10512,525.3
265,Polska,King,28.04.2004,10513,1942.0
266,Niemcy,Leverling,16.05.2004,10514,8623.45
267,Niemcy,Fuller,23.05.2004,10515,9921.3
268,Niemcy,Fuller,01.05.2004,10516,2381.05
269,Niemcy,Leverling,29.04.2004,10517,352.0
270,Niemcy,Peacock,05.05.2004,10518,4150.05
271,Polska,Sowiński,01.05.2004,10519,2314.2
272,Polska,King,01.05.2004,10520,200.0
273,Niemcy,Callahan,02.05.2004,10521,225.5
274,Niemcy,Peacock,06.05.2004,10522,2318.24
275,Polska,King,30.05.2004,10523,2444.31
276,Niemcy,Davolio,07.05.2004,10524,3192.65
277,Niemcy,Davolio,23.05.2004,10525,818.4
278,Niemcy,Peacock,15.05.2004,10526,1151.4
279,Polska,King,07.05.2004,10527,1503.0
280,Polska,Sowiński,09.05.2004,10528,392.2
281,Polska,Kowalski,09.05.2004,10529,946.0
282,Niemcy,Leverling,12.05.2004,10530,4180.0
283,Polska,King,19.05.2004,10531,110.0
284,Polska,King,12.05.2004,10532,796.35
285,Niemcy,Callahan,22.05.2004,10533,2222.2
286,Niemcy,Callahan,14.05.2004,10534,465.7
287,Niemcy,Peacock,21.05.2004,10535,1940.85
288,Niemcy,Leverling,06.06.2004,10536,1645.0
289,Niemcy,Davolio,19.05.2004,10537,1823.8
290,Polska,Dudek,16.05.2004,10538,139.8
291,Polska,Sowiński,23.05.2004,10539,355.5
292,Niemcy,Leverling,13.06.2004,10540,10191.7
293,Niemcy,Fuller,29.05.2004,10541,1946.52
294,Niemcy,Davolio,26.05.2004,10542,469.11
295,Niemcy,Callahan,23.05.2004,10543,1504.5
296,Niemcy,Peacock,30.05.2004,10544,417.2
297,Niemcy,Callahan,26.06.2004,10545,210.0
298,Niemcy,Davolio,27.05.2004,10546,2812.0
299,Niemcy,Leverling,02.06.2004,10547,1792.8
300,Niemcy,Leverling,02.06.2004,10548,240.1
301,Polska,Kowalski,30.05.2004,10549,3554.27
302,Polska,King,06.06.2004,10550,683.3
303,Niemcy,Peacock,06.06.2004,10551,1677.3
304,Niemcy,Fuller,05.06.2004,10552,880.5
305,Niemcy,Fuller,03.06.2004,10553,1546.3
306,Niemcy,Peacock,05.06.2004,10554,1728.52
307,Polska,Sowiński,04.06.2004,10555,2944.4
308,Niemcy,Fuller,13.06.2004,10556,835.2
309,Polska,Dudek,06.06.2004,10557,1152.5
310,Niemcy,Davolio,10.06.2004,10558,2142.9
311,Polska,Sowiński,13.06.2004,10559,520.41
312,Niemcy,Callahan,09.06.2004,10560,1072.42
313,Niemcy,Fuller,09.06.2004,10561,2844.5
314,Niemcy,Davolio,12.06.2004,10562,488.7
315,Niemcy,Fuller,24.06.2004,10563,965.0
316,Niemcy,Peacock,16.06.2004,10564,1234.05
317,Niemcy,Callahan,18.06.2004,10565,639.9
318,Polska,Dudek,18.06.2004,10566,1761.0
319,Niemcy,Davolio,17.06.2004,10567,2519.0
320,Niemcy,Leverling,09.07.2004,10568,155.0
321,Polska,Kowalski,11.07.2004,10569,890.0
322,Niemcy,Leverling,19.06.2004,10570,2465.25
323,Niemcy,Callahan,04.07.2004,10571,550.59
324,Niemcy,Leverling,25.06.2004,10572,1501.08
325,Polska,King,20.06.2004,10573,2082.0
326,Niemcy,Peacock,30.06.2004,10574,764.3
327,Polska,Kowalski,30.06.2004,10575,2147.4
328,Niemcy,Leverling,30.06.2004,10576,838.45
329,Polska,Dudek,30.06.2004,10577,569.0
330,Niemcy,Peacock,25.07.2004,10578,477.0
331,Niemcy,Davolio,04.07.2004,10579,317.75
332,Niemcy,Peacock,01.07.2004,10580,1013.74
333,Niemcy,Leverling,02.07.2004,10581,310.0
334,Niemcy,Leverling,14.07.2004,10582,330.0
335,Niemcy,Fuller,04.07.2004,10583,2237.5
336,Niemcy,Peacock,04.07.2004,10584,593.75
337,Polska,King,10.07.2004,10585,142.5
338,Polska,Dudek,09.07.2004,10586,23.8
339,Niemcy,Davolio,09.07.2004,10587,807.38
340,Niemcy,Fuller,10.07.2004,10588,3120.0
341,Niemcy,Callahan,14.07.2004,10589,72.0
342,Niemcy,Peacock,14.07.2004,10590,1101.0
343,Niemcy,Davolio,16.07.2004,10591,812.5
344,Niemcy,Leverling,16.07.2004,10592,516.46
345,Polska,King,13.08.2004,10593,1994.4
346,Niemcy,Leverling,16.07.2004,10594,565.5
347,Niemcy,Fuller,14.07.2004,10595,4725.0
348,Niemcy,Callahan,12.08.2004,10596,1180.88
349,Polska,King,18.07.2004,10597,718.08
350,Niemcy,Davolio,18.07.2004,10598,2388.5
351,Polska,Sowiński,21.07.2004,10599,493.0
352,Niemcy,Peacock,21.07.2004,10600,479.8
353,Polska,King,22.07.2004,10601,2285.0
354,Niemcy,Callahan,22.07.2004,10602,48.75
355,Niemcy,Callahan,08.08.2004,10603,1483.0
356,Niemcy,Davolio,29.07.2004,10604,230.85
357,Niemcy,Davolio,29.07.2004,10605,4109.69
359,Polska,Kowalski,25.07.2004,10607,6475.4
360,Niemcy,Peacock,01.08.2004,10608,1064.0
361,Polska,King,30.07.2004,10609,424.0
362,Niemcy,Callahan,06.08.2004,10610,299.25
363,Polska,Sowiński,01.08.2004,10611,808.0
364,Niemcy,Davolio,01.08.2004,10612,6375.0
365,Niemcy,Peacock,01.08.2004,10613,353.2
366,Niemcy,Callahan,01.08.2004,10614,464.0
367,Niemcy,Fuller,06.08.2004,10615,120.0
368,Niemcy,Davolio,05.08.2004,10616,4806.99
369,Niemcy,Peacock,04.08.2004,10617,1402.5
370,Niemcy,Davolio,08.08.2004,10618,2697.5
371,Niemcy,Leverling,07.08.2004,10619,1260.0
372,Niemcy,Fuller,14.08.2004,10620,57.5
373,Niemcy,Peacock,11.08.2004,10621,758.5
374,Niemcy,Peacock,11.08.2004,10622,560.0
375,Niemcy,Callahan,12.08.2004,10623,1336.95
376,Niemcy,Peacock,19.08.2004,10624,1393.24
377,Niemcy,Leverling,14.08.2004,10625,479.75
378,Niemcy,Davolio,20.08.2004,10626,1503.6
379,Niemcy,Callahan,21.08.2004,10627,1185.75
380,Niemcy,Peacock,20.08.2004,10628,450.0
381,Niemcy,Peacock,20.08.2004,10629,2775.05
382,Niemcy,Davolio,19.08.2004,10630,903.6
383,Niemcy,Callahan,15.08.2004,10631,55.8
384,Niemcy,Callahan,19.08.2004,10632,589.0
385,Polska,King,18.08.2004,10633,5510.59
386,Niemcy,Peacock,21.08.2004,10634,4985.5
387,Niemcy,Callahan,21.08.2004,10635,1326.22
388,Niemcy,Peacock,26.08.2004,10636,629.5
389,Polska,Sowiński,26.08.2004,10637,2761.94
390,Niemcy,Leverling,01.09.2004,10638,2720.05
391,Polska,King,27.08.2004,10639,500.0
392,Niemcy,Peacock,28.08.2004,10640,708.75
393,Niemcy,Peacock,26.08.2004,10641,2054.0
394,Polska,King,05.09.2004,10642,696.0
395,Polska,Sowiński,02.09.2004,10643,814.5
396,Niemcy,Leverling,01.09.2004,10644,1371.8
397,Niemcy,Peacock,02.09.2004,10645,1535.0
398,Polska,Dudek,03.09.2004,10646,1446.0
399,Niemcy,Peacock,03.09.2004,10647,636.0
400,Polska,Kowalski,09.09.2004,10648,372.37
401,Polska,Kowalski,29.08.2004,10649,1434.0
402,Polska,Kowalski,03.09.2004,10650,1779.2
403,Niemcy,Callahan,11.09.2004,10651,397.8
404,Niemcy,Peacock,08.09.2004,10652,318.84
405,Niemcy,Davolio,19.09.2004,10653,1083.15
406,Polska,Kowalski,11.09.2004,10654,601.83
407,Niemcy,Davolio,11.09.2004,10655,154.4
408,Polska,Sowiński,10.09.2004,10656,604.21
409,Niemcy,Fuller,15.09.2004,10657,4371.6
410,Niemcy,Peacock,08.09.2004,10658,4464.6
411,Polska,King,10.09.2004,10659,1227.02
412,Niemcy,Callahan,15.10.2004,10660,1701.0
413,Polska,King,15.09.2004,10661,562.6
414,Niemcy,Leverling,18.09.2004,10662,125.0
415,Niemcy,Fuller,03.10.2004,10663,1930.4
416,Niemcy,Davolio,19.09.2004,10664,1288.39
417,Niemcy,Davolio,17.09.2004,10665,1295.0
418,Polska,King,22.09.2004,10666,4666.94
419,Polska,King,19.09.2004,10667,1536.8
420,Niemcy,Davolio,23.09.2004,10668,625.27
421,Niemcy,Fuller,22.09.2004,10669,570.0
422,Niemcy,Peacock,18.09.2004,10670,2301.75
423,Niemcy,Davolio,24.09.2004,10671,920.1
424,Polska,Dudek,26.09.2004,10672,3815.25
425,Niemcy,Fuller,19.09.2004,10673,412.35
426,Niemcy,Peacock,30.09.2004,10674,45.0
427,Polska,Kowalski,23.09.2004,10675,1423.0
428,Niemcy,Fuller,29.09.2004,10676,534.85
429,Niemcy,Davolio,26.09.2004,10677,813.36
430,Polska,King,16.10.2004,10678,5256.5
431,Niemcy,Callahan,30.09.2004,10679,660.0
432,Niemcy,Davolio,26.09.2004,10680,1261.88
433,Niemcy,Leverling,30.09.2004,10681,1287.4
434,Niemcy,Leverling,01.10.2004,10682,375.5
435,Niemcy,Fuller,01.10.2004,10683,63.0
436,Niemcy,Leverling,30.09.2004,10684,1768.0
437,Niemcy,Peacock,03.10.2004,10685,801.1
438,Niemcy,Fuller,08.10.2004,10686,1404.45
439,Polska,Dudek,30.10.2004,10687,4960.9
440,Niemcy,Peacock,07.10.2004,10688,3160.6
441,Niemcy,Davolio,07.10.2004,10689,472.5
442,Niemcy,Davolio,03.10.2004,10690,862.5
443,Niemcy,Fuller,22.10.2004,10691,10164.8
444,Niemcy,Peacock,13.10.2004,10692,878.0
445,Niemcy,Leverling,10.10.2004,10693,2071.2
446,Niemcy,Callahan,09.10.2004,10694,4825.0
447,Polska,King,14.10.2004,10695,642.0
448,Niemcy,Callahan,14.10.2004,10696,996.0
449,Niemcy,Leverling,14.10.2004,10697,805.43
450,Niemcy,Peacock,17.10.2004,10698,3436.45
451,Niemcy,Leverling,13.10.2004,10699,114.0
452,Niemcy,Leverling,16.10.2004,10700,1638.4
453,Polska,Sowiński,15.10.2004,10701,2864.5
454,Niemcy,Peacock,21.10.2004,10702,330.0
455,Polska,Sowiński,20.10.2004,10703,2545.0
456,Polska,Sowiński,07.11.2004,10704,595.5
457,Polska,Dudek,18.11.2004,10705,378.0
458,Niemcy,Callahan,21.10.2004,10706,1893.0
459,Niemcy,Peacock,23.10.2004,10707,1641.0
460,Polska,Sowiński,05.11.2004,10708,180.4
461,Niemcy,Davolio,20.11.2004,10709,3424.0
462,Niemcy,Davolio,23.10.2004,10710,93.5
463,Polska,Kowalski,29.10.2004,10711,4451.7
465,Niemcy,Davolio,24.10.2004,10713,2827.9
466,Polska,Kowalski,27.10.2004,10714,2205.75
467,Niemcy,Leverling,29.10.2004,10715,1296.0
468,Niemcy,Peacock,27.10.2004,10716,706.0
469,Niemcy,Davolio,29.10.2004,10717,1270.75
470,Niemcy,Davolio,29.10.2004,10718,3463.0
471,Niemcy,Callahan,05.11.2004,10719,844.25
472,Niemcy,Callahan,05.11.2004,10720,550.0
474,Niemcy,Callahan,04.11.2004,10722,1570.0
475,Niemcy,Leverling,25.11.2004,10723,468.45
476,Niemcy,Callahan,05.11.2004,10724,638.5
477,Niemcy,Peacock,05.11.2004,10725,287.8
478,Niemcy,Peacock,05.12.2004,10726,655.0
479,Niemcy,Fuller,05.12.2004,10727,1624.5
480,Niemcy,Peacock,11.11.2004,10728,1296.75
481,Niemcy,Callahan,14.11.2004,10729,1850.0
482,Polska,Kowalski,14.11.2004,10730,484.25
483,Polska,King,14.11.2004,10731,1890.5
484,Niemcy,Leverling,07.11.2004,10732,360.0
485,Niemcy,Davolio,10.11.2004,10733,1459.0
486,Niemcy,Fuller,12.11.2004,10734,1498.35
487,Polska,Sowiński,21.11.2004,10735,536.4
488,Polska,Dudek,21.11.2004,10736,997.0
489,Niemcy,Fuller,18.11.2004,10737,139.8
490,Niemcy,Fuller,18.11.2004,10738,52.35
491,Niemcy,Leverling,17.11.2004,10739,240.0
492,Niemcy,Peacock,25.11.2004,10740,1416.0
493,Niemcy,Peacock,18.11.2004,10741,228.0
494,Niemcy,Leverling,18.11.2004,10742,3118.0
495,Niemcy,Davolio,21.11.2004,10743,319.2
496,Polska,Sowiński,24.11.2004,10744,736.0
497,Polska,Dudek,27.11.2004,10745,4529.8
498,Niemcy,Davolio,21.11.2004,10746,2311.7
499,Polska,Sowiński,26.11.2004,10747,1912.85
500,Niemcy,Leverling,28.11.2004,10748,2196.0
501,Niemcy,Peacock,19.12.2004,10749,1080.0
502,Polska,Dudek,24.11.2004,10750,1590.56
503,Niemcy,Leverling,03.12.2004,10751,1631.48
504,Niemcy,Fuller,28.11.2004,10752,252.0
505,Niemcy,Leverling,27.11.2004,10753,88.0
506,Polska,Sowiński,27.11.2004,10754,55.2
507,Niemcy,Peacock,28.11.2004,10755,1948.5
508,Niemcy,Callahan,02.12.2004,10756,1990.0
509,Polska,Sowiński,15.12.2004,10757,3082.0
510,Niemcy,Leverling,04.12.2004,10758,1644.6
511,Niemcy,Leverling,12.12.2004,10759,320.0
512,Niemcy,Peacock,10.12.2004,10760,2917.0
513,Polska,Kowalski,08.12.2004,10761,507.0
514,Niemcy,Leverling,09.12.2004,10762,4337.0
515,Niemcy,Leverling,08.12.2004,10763,616.0
516,Polska,Sowiński,08.12.2004,10764,2286.0
517,Niemcy,Leverling,09.12.2004,10765,1515.6
518,Niemcy,Peacock,09.12.2004,10766,2310.0
519,Niemcy,Peacock,15.12.2004,10767,28.0
520,Niemcy,Leverling,15.12.2004,10768,1477.0
521,Niemcy,Leverling,12.12.2004,10769,1684.27
522,Niemcy,Callahan,17.12.2004,10770,236.25
523,Polska,Dudek,02.01.2004,10771,344.0
524,Niemcy,Leverling,19.12.2004,10772,3603.22
525,Niemcy,Davolio,16.12.2004,10773,2030.4
526,Niemcy,Peacock,12.12.2004,10774,868.75
527,Polska,King,26.12.2004,10775,228.0
528,Niemcy,Davolio,18.12.2004,10776,6635.27
529,Polska,King,21.01.2005,10777,224.0
530,Niemcy,Leverling,24.12.2004,10778,96.5
531,Niemcy,Leverling,14.01.2005,10779,1335.0
532,Niemcy,Fuller,25.12.2004,10780,720.0
533,Niemcy,Fuller,19.12.2004,10781,975.88
534,Polska,Dudek,22.12.2004,10782,13.5
535,Niemcy,Peacock,19.12.2004,10783,1442.5
536,Niemcy,Peacock,22.12.2004,10784,1488.0
537,Niemcy,Davolio,24.12.2004,10785,387.5
538,Niemcy,Callahan,23.12.2004,10786,1531.08
539,Niemcy,Fuller,26.12.2004,10787,2622.76
540,Niemcy,Davolio,19.01.2005,10788,731.5
542,Polska,Sowiński,26.12.2004,10790,722.5
543,Polska,Sowiński,01.01.2005,10791,1829.76
545,Niemcy,Leverling,08.01.2005,10793,191.1
546,Polska,Sowiński,02.01.2005,10794,314.76
547,Niemcy,Callahan,20.01.2005,10795,2158.0
548,Niemcy,Leverling,14.01.2005,10796,2341.36
549,Polska,King,05.01.2005,10797,420.0
550,Niemcy,Fuller,05.01.2005,10798,446.6
551,Polska,Dudek,05.01.2005,10799,1553.5
552,Niemcy,Davolio,05.01.2005,10800,1468.93
554,Niemcy,Peacock,02.01.2005,10802,2942.81
555,Niemcy,Peacock,06.01.2005,10803,1193.01
556,Polska,Sowiński,07.01.2005,10804,2278.4
557,Niemcy,Fuller,09.01.2005,10805,2775.0
558,Niemcy,Leverling,05.01.2005,10806,439.6
559,Niemcy,Peacock,30.01.2005,10807,18.4
560,Niemcy,Fuller,09.01.2005,10808,1411.0
561,Polska,King,07.01.2005,10809,140.0
562,Niemcy,Fuller,07.01.2005,10810,187.0
563,Niemcy,Callahan,08.01.2005,10811,852.0
564,Polska,Kowalski,12.01.2005,10812,1692.8
565,Niemcy,Davolio,09.01.2005,10813,602.4
566,Niemcy,Leverling,14.01.2005,10814,1788.45
567,Niemcy,Fuller,14.01.2005,10815,40.0
568,Niemcy,Peacock,04.02.2005,10816,8446.45
569,Niemcy,Leverling,13.01.2005,10817,10952.84
570,Polska,King,12.01.2005,10818,833.0
571,Niemcy,Fuller,16.01.2005,10819,477.0
572,Niemcy,Leverling,13.01.2005,10820,1140.0
573,Niemcy,Davolio,15.01.2005,10821,678.0
574,Polska,Sowiński,16.01.2005,10822,237.9
575,Polska,Kowalski,13.01.2005,10823,2826.0
576,Niemcy,Callahan,30.01.2005,10824,250.8
577,Niemcy,Davolio,14.01.2005,10825,1030.76
578,Polska,Sowiński,06.02.2005,10826,730.0
579,Niemcy,Davolio,06.02.2005,10827,843.0
580,Polska,Dudek,04.02.2005,10828,932.0
581,Polska,Dudek,23.01.2005,10829,1764.0
582,Niemcy,Peacock,21.01.2005,10830,1974.0
583,Niemcy,Leverling,23.01.2005,10831,2684.4
584,Niemcy,Fuller,19.01.2005,10832,475.11
585,Polska,Sowiński,23.01.2005,10833,906.93
586,Niemcy,Davolio,19.01.2005,10834,1432.71
587,Niemcy,Davolio,21.01.2005,10835,845.8
588,Polska,King,21.01.2005,10836,4705.5
589,Polska,Dudek,23.01.2005,10837,1064.5
590,Niemcy,Leverling,23.01.2005,10838,1938.38
591,Niemcy,Leverling,22.01.2005,10839,827.55
592,Niemcy,Peacock,16.02.2005,10840,211.2
593,Polska,Kowalski,29.01.2005,10841,4581.0
594,Niemcy,Davolio,29.01.2005,10842,975.0
595,Niemcy,Peacock,26.01.2005,10843,159.0
596,Niemcy,Callahan,26.01.2005,10844,735.0
597,Niemcy,Callahan,30.01.2005,10845,3812.7
598,Niemcy,Fuller,23.01.2005,10846,1112.0
599,Niemcy,Peacock,10.02.2005,10847,4931.92
600,Polska,King,29.01.2005,10848,931.5
601,Polska,Dudek,30.01.2005,10849,967.82
602,Niemcy,Davolio,30.01.2005,10850,629.0
603,Polska,Kowalski,02.02.2005,10851,2603.0
604,Niemcy,Callahan,30.01.2005,10852,2984.0
605,Polska,Dudek,03.02.2005,10853,625.0
606,Niemcy,Leverling,05.02.2005,10854,2966.5
607,Niemcy,Leverling,04.02.2005,10855,2227.89
608,Niemcy,Leverling,10.02.2005,10856,660.0
609,Niemcy,Callahan,06.02.2005,10857,2048.22
610,Niemcy,Fuller,03.02.2005,10858,649.0
611,Niemcy,Davolio,02.02.2005,10859,1078.69
612,Niemcy,Leverling,04.02.2005,10860,519.0
613,Niemcy,Peacock,17.02.2005,10861,3523.4
614,Niemcy,Callahan,02.02.2005,10862,581.0
615,Niemcy,Peacock,17.02.2005,10863,441.15
616,Niemcy,Peacock,09.02.2005,10864,282.0
617,Niemcy,Fuller,12.02.2005,10865,16387.5
618,Polska,Kowalski,12.02.2005,10866,1096.2
619,Polska,Sowiński,11.02.2005,10867,98.4
620,Polska,King,23.02.2005,10868,1920.6
621,Polska,Kowalski,09.02.2005,10869,1630.0
622,Polska,Kowalski,13.02.2005,10870,160.0
623,Polska,Dudek,10.02.2005,10871,1979.23
624,Polska,Kowalski,09.02.2005,10872,2058.46
625,Niemcy,Peacock,09.02.2005,10873,336.8
626,Polska,Kowalski,11.02.2005,10874,310.0
627,Niemcy,Peacock,03.03.2005,10875,709.55
628,Polska,King,12.02.2005,10876,917.0
629,Niemcy,Davolio,19.02.2005,10877,1955.13
630,Niemcy,Peacock,12.02.2005,10878,1539.0
631,Niemcy,Leverling,12.02.2005,10879,611.3
632,Polska,King,18.02.2005,10880,1500.0
633,Niemcy,Peacock,18.02.2005,10881,150.0
634,Niemcy,Peacock,20.02.2005,10882,892.64
635,Niemcy,Callahan,20.02.2005,10883,36.0
636,Niemcy,Peacock,13.02.2005,10884,1378.07
637,Polska,Sowiński,18.02.2005,10885,1209.0
638,Niemcy,Davolio,02.03.2005,10886,3127.5
639,Niemcy,Callahan,16.02.2005,10887,70.0
640,Niemcy,Davolio,23.02.2005,10888,605.0
641,Polska,Dudek,23.02.2005,10889,11380.0
642,Polska,King,18.02.2005,10890,860.1
643,Polska,King,19.02.2005,10891,368.93
644,Niemcy,Peacock,19.02.2005,10892,2090.0
645,Polska,Dudek,20.02.2005,10893,5502.11
646,Niemcy,Davolio,20.02.2005,10894,2753.1
647,Niemcy,Leverling,23.02.2005,10895,6379.4
648,Polska,King,27.02.2005,10896,750.5
649,Niemcy,Leverling,25.02.2005,10897,10835.24
650,Niemcy,Peacock,06.03.2005,10898,30.0
651,Polska,Kowalski,26.02.2005,10899,122.4
652,Niemcy,Davolio,04.03.2005,10900,33.75
653,Niemcy,Peacock,26.02.2005,10901,934.5
654,Niemcy,Davolio,03.03.2005,10902,863.43
655,Niemcy,Leverling,04.03.2005,10903,932.05
656,Niemcy,Leverling,27.02.2005,10904,1924.25
657,Polska,Dudek,06.03.2005,10905,342.0
658,Niemcy,Peacock,03.03.2005,10906,427.5
659,Polska,Sowiński,27.02.2005,10907,108.5
660,Niemcy,Peacock,06.03.2005,10908,663.1
661,Niemcy,Davolio,10.03.2005,10909,670.0
662,Niemcy,Davolio,04.03.2005,10910,452.9
663,Niemcy,Leverling,05.03.2005,10911,858.0
664,Niemcy,Fuller,18.03.2005,10912,6200.55
665,Niemcy,Peacock,04.03.2005,10913,768.75
666,Polska,Sowiński,02.03.2005,10914,537.5
667,Niemcy,Fuller,02.03.2005,10915,539.5
668,Niemcy,Davolio,09.03.2005,10916,686.7
669,Niemcy,Peacock,11.03.2005,10917,365.89
670,Niemcy,Leverling,11.03.2005,10918,1447.5
671,Niemcy,Fuller,04.03.2005,10919,1122.8
672,Niemcy,Peacock,09.03.2005,10920,390.0
673,Niemcy,Davolio,09.03.2005,10921,1936.0
674,Polska,Kowalski,05.03.2005,10922,742.5
675,Polska,King,13.03.2005,10923,748.8
676,Niemcy,Leverling,08.04.2005,10924,1835.7
677,Niemcy,Leverling,13.03.2005,10925,475.15
678,Niemcy,Peacock,11.03.2005,10926,514.4
679,Niemcy,Peacock,08.04.2005,10927,800.0
680,Niemcy,Davolio,18.03.2005,10928,137.5
681,Polska,Sowiński,12.03.2005,10929,1174.75
682,Niemcy,Peacock,18.03.2005,10930,2255.5
683,Niemcy,Peacock,19.03.2005,10931,799.2
684,Niemcy,Callahan,24.03.2005,10932,1788.63
685,Polska,Sowiński,16.03.2005,10933,920.6
686,Niemcy,Leverling,12.03.2005,10934,500.0
687,Niemcy,Peacock,18.03.2005,10935,619.5
688,Niemcy,Leverling,18.03.2005,10936,456.0
689,Polska,King,13.03.2005,10937,644.8
690,Niemcy,Leverling,16.03.2005,10938,2731.87
691,Niemcy,Fuller,13.03.2005,10939,637.5
692,Niemcy,Callahan,23.03.2005,10940,360.0
693,Polska,King,20.03.2005,10941,4011.75
694,Polska,Dudek,18.03.2005,10942,560.0
695,Niemcy,Peacock,19.03.2005,10943,711.0
696,Polska,Sowiński,13.03.2005,10944,1025.33
697,Niemcy,Peacock,18.03.2005,10945,245.0
698,Niemcy,Davolio,19.03.2005,10946,1407.5
699,Niemcy,Leverling,16.03.2005,10947,220.0
700,Niemcy,Leverling,19.03.2005,10948,2362.25
701,Niemcy,Fuller,17.03.2005,10949,4422.0
702,Niemcy,Davolio,23.03.2005,10950,110.0
703,Polska,Dudek,07.04.2005,10951,458.74
704,Niemcy,Davolio,24.03.2005,10952,471.2
705,Polska,Dudek,25.03.2005,10953,4441.25
706,Polska,Kowalski,20.03.2005,10954,1659.53
707,Niemcy,Callahan,20.03.2005,10955,74.4
708,Polska,Sowiński,20.03.2005,10956,677.0
709,Niemcy,Callahan,27.03.2005,10957,1762.7
710,Polska,King,27.03.2005,10958,781.0
711,Polska,Sowiński,23.03.2005,10959,131.75
712,Niemcy,Leverling,08.04.2005,10960,265.35
713,Niemcy,Callahan,30.03.2005,10961,1119.9
714,Niemcy,Callahan,23.03.2005,10962,3584.0
715,Polska,Dudek,26.03.2005,10963,57.8
716,Niemcy,Leverling,24.03.2005,10964,2052.5
717,Polska,Sowiński,30.03.2005,10965,848.0
718,Niemcy,Peacock,08.04.2005,10966,1098.46
719,Niemcy,Fuller,02.04.2005,10967,910.4
720,Niemcy,Davolio,01.04.2005,10968,1408.0
721,Niemcy,Davolio,30.03.2005,10969,108.0
722,Polska,Dudek,24.04.2005,10970,224.0
723,Niemcy,Fuller,02.04.2005,10971,1733.06
724,Niemcy,Peacock,26.03.2005,10972,251.5
725,Polska,Sowiński,27.03.2005,10973,291.55
726,Niemcy,Leverling,03.04.2005,10974,439.0
727,Niemcy,Davolio,27.03.2005,10975,717.5
728,Niemcy,Davolio,03.04.2005,10976,912.0
729,Niemcy,Callahan,10.04.2005,10977,2233.0
730,Polska,Dudek,23.04.2005,10978,1303.19
732,Niemcy,Peacock,17.04.2005,10980,248.0
733,Niemcy,Davolio,02.04.2005,10981,15810.0
734,Niemcy,Fuller,08.04.2005,10982,1014.0
735,Niemcy,Fuller,06.04.2005,10983,720.9
736,Niemcy,Davolio,03.04.2005,10984,1809.75
737,Niemcy,Fuller,02.04.2005,10985,2023.38
738,Niemcy,Callahan,21.04.2005,10986,2220.0
739,Niemcy,Callahan,06.04.2005,10987,2772.0
740,Niemcy,Leverling,10.04.2005,10988,3574.8
741,Niemcy,Fuller,02.04.2005,10989,1353.6
742,Niemcy,Fuller,07.04.2005,10990,4288.85
743,Niemcy,Davolio,07.04.2005,10991,2296.0
744,Niemcy,Davolio,03.04.2005,10992,69.6
745,Polska,King,10.04.2005,10993,4895.44
746,Niemcy,Fuller,09.04.2005,10994,940.5
747,Niemcy,Davolio,06.04.2005,10995,1196.0
748,Niemcy,Peacock,10.04.2005,10996,560.0
749,Niemcy,Callahan,13.04.2005,10997,1885.0
750,Niemcy,Callahan,17.04.2005,10998,686.0
751,Polska,Sowiński,10.04.2005,10999,1197.95
752,Niemcy,Fuller,14.04.2005,11000,903.75
753,Niemcy,Fuller,14.04.2005,11001,2769.0
754,Niemcy,Peacock,16.04.2005,11002,1811.1
755,Niemcy,Leverling,08.04.2005,11003,326.0
756,Niemcy,Leverling,20.04.2005,11004,295.38
757,Niemcy,Fuller,10.04.2005,11005,586.0
758,Niemcy,Leverling,15.04.2005,11006,329.69
759,Niemcy,Callahan,13.04.2005,11007,2633.9
760,Niemcy,Fuller,10.04.2005,11009,616.5
761,Niemcy,Fuller,21.04.2005,11010,645.0
762,Niemcy,Leverling,13.04.2005,11011,933.5
763,Niemcy,Davolio,17.04.2005,11012,2825.3
764,Niemcy,Fuller,10.04.2005,11013,361.0
765,Niemcy,Fuller,15.04.2005,11014,243.18
766,Niemcy,Fuller,20.04.2005,11015,622.35
767,Polska,Dudek,13.04.2005,11016,491.5
768,Polska,Dudek,20.04.2005,11017,6750.0
769,Niemcy,Peacock,16.04.2005,11018,1575.0
770,Niemcy,Fuller,16.04.2005,11020,632.4
771,Niemcy,Leverling,21.04.2005,11021,6306.24
772,Niemcy,Davolio,24.04.2005,11023,1500.0
773,Niemcy,Peacock,20.04.2005,11024,1966.81
774,Polska,Sowiński,24.04.2005,11025,270.0
775,Niemcy,Peacock,28.04.2005,11026,1030.0
776,Niemcy,Davolio,20.04.2005,11027,877.72
777,Niemcy,Fuller,22.04.2005,11028,2160.0
778,Niemcy,Peacock,27.04.2005,11029,1286.8
779,Polska,King,27.04.2005,11030,12615.05
780,Polska,Sowiński,24.04.2005,11031,2393.5
781,Niemcy,Fuller,23.04.2005,11032,8902.5
782,Polska,King,23.04.2005,11033,3232.8
783,Niemcy,Callahan,27.04.2005,11034,539.4
784,Niemcy,Fuller,24.04.2005,11035,1754.5
785,Niemcy,Callahan,22.04.2005,11036,1692.0
786,Polska,King,27.04.2005,11037,60.0
787,Niemcy,Davolio,30.04.2005,11038,732.6
788,Niemcy,Leverling,28.04.2005,11041,1773.0
789,Niemcy,Fuller,01.05.2005,11042,405.75
790,Polska,Kowalski,29.04.2005,11043,210.0
791,Niemcy,Peacock,01.05.2005,11044,591.6
792,Niemcy,Callahan,24.04.2005,11046,1485.8
793,Polska,King,01.05.2005,11047,817.87
794,Polska,King,30.04.2005,11048,525.0
795,Niemcy,Leverling,01.05.2005,11052,1332.0
796,Niemcy,Fuller,29.04.2005,11053,3055.0
797,Niemcy,Callahan,01.05.2005,11056,3740.0
798,Niemcy,Leverling,01.05.2005,11057,45.0
